order_id,customer_id,restaurant_name,cuisine_type,cost_of_the_order,day_of_the_week,rating,food_preparation_time,delivery_time,,
1477070,66393,Cafe Habana,Mexican,12.23,Weekday,5,23,28,,930
1477334,106968,Blue Ribbon Fried Chicken,American,29.2,Weekend,3,25,15,,
1478249,76942,Dirty Bird to Go,American,11.59,Weekday,4,25,24,,
1477224,147468,Tamarind TriBeCa,Indian,25.22,Weekday,3,20,24,,
1477174,121706,Anjappar Chettinad,Indian,16.44,Weekday,5,21,26,,
1476966,129969,Blue Ribbon Fried Chicken,American,24.3,Weekend,5,23,17,,
1477449,104548,Pylos,Mediterranean,11.3,Weekend,3,24,23,,
1477414,66222,Shake Shack,American,16.2,Weekend,5,33,25,,
1477138,47280,RedFarm Hudson,Chinese,14.12,Weekend,4,25,24,,
1477354,67487,Blue Ribbon Sushi,Japanese,16.2,Weekend,4,35,26,,
1478296,250494,Five Guys Burgers and Fries,American,24.2,Weekend,4,21,24,,
1478287,150599,Shake Shack,American,29.1,Weekday,5,21,30,,
1476693,41877,Cafe Mogador,Middle Eastern,29.1,Weekday,5,20,29,,
1476995,371590,The Meatball Shop,Italian,21.88,Weekday,5,24,27,,
1478289,318874,The Kati Roll Company,Indian,31.33,Weekend,5,28,25,,
1477699,302790,Klong,Thai,29.05,Weekend,5,35,24,,
1478244,181782,Parm,Italian,29.1,Weekend,5,30,26,,
1478017,148649,Blue Ribbon Sushi,Japanese,16.01,Weekday,4,23,31,,
1476871,118709,The Meatball Shop,Italian,24.3,Weekday,4,31,29,,
1477999,208020,Haru Gramercy Park,Japanese,29.83,Weekday,5,20,32,,
1477425,378482,Chipotle Mexican Grill $1.99 Delivery,Mexican,19.35,Weekend,4,21,18,,
1477267,133637,RedFarm Broadway,Chinese,24.25,Weekend,5,22,15,,
1476908,365237,Five Guys Burgers and Fries,American,22.75,Weekend,5,30,20,,
1476930,198802,DuMont Burger,American,29.05,Weekend,5,22,30,,
1477621,122864,Sarabeth's East,American,13.78,Weekend,4,34,24,,
1477251,81110,Hill Country Fried Chicken,Southern,16.93,Weekend,5,33,21,,
1477205,112036,TAO,Japanese,20.23,Weekend,5,22,20,,
1477760,130507,Jack's Wife Freda,Mediterranean,22.75,Weekend,3,35,29,,
1476562,129486,Mamoun's Falafel,Mediterranean,14.12,Weekend,3,31,15,,
1477692,313340,Sushi of Gari 46,Japanese,14.6,Weekday,3,24,24,,
1477889,177250,RedFarm Hudson,Chinese,12.23,Weekday,5,25,33,,
1477243,176234,Prosperity Dumpling,Chinese,14.02,Weekend,5,20,30,,
1476820,152786,Cafe Habana,Mexican,31.38,Weekend,4,23,27,,
1478359,361616,Blue Ribbon Brooklyn,American,24.2,Weekday,3,22,32,,
1476841,398426,RedFarm Broadway,Chinese,12.46,Weekend,4,24,20,,
1477125,130820,Nobu Next Door,Japanese,15.86,Weekend,5,29,23,,
1477475,65009,Blue Ribbon Fried Chicken,American,32.93,Weekend,5,24,23,,
1477518,133202,Sushi Samba,Japanese,29.05,Weekend,5,31,16,,
1477921,97079,Benihana,Japanese,29.29,Weekend,5,20,18,,
1477938,150002,The Kati Roll Company,Indian,16.15,Weekend,5,20,29,,
1477581,231061,Han Dynasty,Chinese,13.34,Weekend,4,34,27,,
1477385,67538,Chipotle Mexican Grill $1.99 Delivery,Mexican,12.56,Weekend,5,22,18,,
1476796,78939,Nobu Next Door,Japanese,16.3,Weekday,3,20,24,,
1478031,309513,Otto Enoteca Pizzeria,Italian,13.05,Weekday,5,33,27,,
1477740,129798,TAO,Japanese,25.27,Weekday,4,24,24,,
1478384,184085,Hill Country Fried Chicken,Southern,14.79,Weekend,5,35,15,,
1477569,65009,Chote Nawab,Indian,16.15,Weekend,5,24,30,,
1478211,154030,RedFarm Hudson,Chinese,33.03,Weekend,4,26,22,,
1476635,86731,Mission Cantina,Mexican,16.2,Weekend,5,31,18,,
1476921,121476,Blue Ribbon Fried Chicken,American,12.18,Weekday,3,29,27,,
1476689,305522,Shake Shack,American,24.2,Weekday,4,29,29,,
1477767,68976,Sarabeth's East,American,17.03,Weekend,3,26,30,,
1478169,80460,Rubirosa,Italian,21.83,Weekend,3,30,27,,
1477240,142356,Blue Ribbon Sushi,Japanese,11.83,Weekend,4,26,21,,
1476564,83287,Five Guys Burgers and Fries,American,24.3,Weekend,5,30,20,,
1477824,345899,TAO,Japanese,20.47,Weekend,4,26,30,,
1477617,38050,Blue Ribbon Sushi,Japanese,12.18,Weekend,5,28,25,,
1477978,259341,Joe's Shanghai Â__Ã€Â_Ã_Â£Â_Ã·Â´,Chinese,15.81,Weekend,5,20,26,,
1477281,309513,Otto Enoteca Pizzeria,Italian,22.36,Weekend,5,26,27,,
1476654,63020,The Odeon,American,12.9,Weekday,3,31,28,,
1477296,222879,Parm,Italian,29.15,Weekday,5,23,27,,
1478321,275535,Pongsri Thai,Thai,13.05,Weekday,4,31,24,,
1477942,49793,Yama Japanese Restaurant,Japanese,22.36,Weekend,5,30,16,,
1477993,91907,Momoya,Japanese,16.98,Weekday,5,31,32,,
1478072,82041,Osteria Morini,Italian,12.95,Weekend,5,26,28,,
1476935,59419,Blue Ribbon Fried Chicken,American,11.69,Weekend,5,21,24,,
1477188,146588,Sushi of Gari,Japanese,12.18,Weekday,5,25,24,,
1478340,230535,Shake Shack,American,10.38,Weekend,3,24,29,,
1477110,144997,RedFarm Hudson,Chinese,29.05,Weekend,4,22,28,,
1478402,232582,CafÃŒÂ© China,Chinese,32.93,Weekday,3,26,28,,
1477431,195927,Boqueria,Spanish,12.13,Weekend,5,30,20,,
1477177,42385,Song Thai Restaurant & Bar,Thai,24.2,Weekend,5,21,26,,
1478269,250494,The Meatball Shop,Italian,11.16,Weekday,5,22,28,,
1476663,40010,Parm,Italian,19.35,Weekend,4,35,19,,
1477904,48131,RedFarm Hudson,Chinese,16.1,Weekend,4,23,29,,
1477750,97806,Shake Shack,American,16.49,Weekend,5,32,22,,
1476659,52463,RedFarm Broadway,Chinese,31.33,Weekend,3,33,23,,
1477616,128600,Tamarind TriBeCa,Indian,14.07,Weekend,4,26,21,,
1477752,298824,Shake Shack,American,16.25,Weekday,3,30,24,,
1477239,94524,The Meatball Shop,Italian,22.36,Weekend,4,28,18,,
1476590,342107,The Kati Roll Company,Indian,16.83,Weekend,4,26,20,,
1477831,60052,RedFarm Broadway,Chinese,16.01,Weekday,4,23,27,,
1476568,348787,Otto Enoteca Pizzeria,Italian,19.4,Weekday,4,32,28,,
1478391,184325,Pinto Nouveau Thai Bistro,Thai,19.35,Weekend,4,34,24,,
1476725,42935,Barbounia,Mediterranean,13.97,Weekend,5,29,25,,
1476805,93133,Parm,Italian,22.8,Weekday,5,33,33,,
1478093,268958,Barbounia,Mediterranean,20.18,Weekend,5,29,19,,
1478201,370017,RedFarm Broadway,Chinese,19.59,Weekend,5,24,19,,
1478032,146586,Dirty Bird to Go,American,19.4,Weekend,4,25,19,,
1477570,292343,Amy Ruth's,Southern,16.11,Weekend,4,30,26,,
1476808,84700,Pepe Giallo,Italian,14.6,Weekday,3,32,24,,
1477366,275689,Han Dynasty,Chinese,14.12,Weekend,4,35,19,,
1477774,354719,The Meatball Shop,Italian,29.15,Weekend,5,34,20,,
1478334,352247,Chipotle Mexican Grill $1.99 Delivery,Mexican,25.22,Weekend,4,27,22,,
1477764,131645,Yama 49,Japanese,13,Weekday,5,24,32,,
1477835,129518,Blue Ribbon Fried Chicken,American,15.33,Weekday,4,24,29,,
1476997,103005,Yama Japanese Restaurant,Japanese,14.55,Weekend,5,20,28,,
1477004,250494,Five Guys Burgers and Fries,American,33.03,Weekend,5,29,15,,
1477536,105164,Piccolo Angolo,Italian,15.91,Weekend,4,26,26,,
1478313,160957,Momoya,Japanese,12.18,Weekend,4,27,25,,
1476657,91192,Hill Country Fried Chicken,Southern,29.35,Weekend,4,26,24,,
1478089,134294,Shake Shack,American,15.28,Weekday,4,30,29,,
1478026,365225,Pepe Rosso To Go,Italian,12.23,Weekday,3,24,24,,
1477493,328357,Shake Shack,American,15.96,Weekend,3,30,21,,
1478092,41318,Jack's Wife Freda,Mediterranean,15.47,Weekend,5,33,16,,
1477150,92832,Five Guys Burgers and Fries,American,12.23,Weekend,5,22,22,,
1476860,336162,Nobu Next Door,Japanese,29.15,Weekday,5,28,25,,
1476799,389740,L'Express,French,19.69,Weekend,3,26,17,,
1476598,41168,Parm,Italian,12.13,Weekend,3,34,22,,
1478173,91005,Han Dynasty,Chinese,24.25,Weekend,5,33,26,,
1478426,124085,Blue Ribbon Sushi Bar & Grill,Japanese,14.12,Weekend,3,21,24,,
1477324,263426,Blue Ribbon Sushi Izakaya,Japanese,12.13,Weekday,5,30,29,,
1478290,263199,Sushi of Gari 46,Japanese,31.43,Weekend,4,35,23,,
1476919,387227,Blue Ribbon Sushi Bar & Grill,Japanese,13.15,Weekend,5,30,30,,
1477247,385559,Blue Ribbon Fried Chicken,American,14.02,Weekend,5,20,28,,
1477615,136876,Rubirosa,Italian,14.07,Weekend,5,35,16,,
1477758,334619,Blue Ribbon Sushi Izakaya,Japanese,14.07,Weekday,4,24,26,,
1477765,92996,Tamarind TriBeCa,Indian,19.45,Weekend,4,29,19,,
1476753,195723,Cafe Habana,Mexican,13.97,Weekday,3,34,28,,
1476759,268958,Sushi of Gari 46,Japanese,12.22,Weekend,4,24,20,,
1477333,111356,Bhatti Indian Grill,Indian,29.25,Weekend,5,21,15,,
1478227,367591,Taro Sushi,Japanese,16.05,Weekday,5,35,32,,
1476789,103005,Yama Japanese Restaurant,Japanese,17.08,Weekend,5,28,15,,
1478246,260680,Delicatessen,American,32.98,Weekend,5,34,16,,
1476931,124838,Hill Country Fried Chicken,Southern,29.15,Weekend,5,33,25,,
1477029,295111,The Meatball Shop,Italian,13,Weekday,5,23,26,,
1478179,52832,Han Dynasty,Chinese,12.23,Weekend,3,33,27,,
1477887,69348,RedFarm Broadway,Chinese,11.64,Weekend,3,26,21,,
1478366,270149,Samurai Mama,Japanese,11.64,Weekend,5,21,18,,
1478279,354016,Waverly Diner,American,19.4,Weekend,5,25,23,,
1477394,105754,Momoya,Japanese,14.02,Weekday,4,24,30,,
1476975,350373,Blue Ribbon Fried Chicken,American,12.23,Weekend,4,21,26,,
1476579,85633,The Meatball Shop,Italian,24.2,Weekend,5,24,24,,
1476685,96877,The Meatball Shop,Italian,22.26,Weekday,4,30,26,,
1477912,261400,The Meatball Shop,Italian,19.45,Weekday,5,31,32,,
1476882,68429,Shake Shack,American,15.76,Weekend,5,24,22,,
1477712,373633,Yama 49,Japanese,12.61,Weekday,5,23,28,,
1477057,390490,Blue Ribbon Brooklyn,American,22.85,Weekend,3,23,19,,
1477926,72639,P.J. Clarke's,American,12.18,Weekend,3,22,28,,
1478003,129597,Otto Enoteca Pizzeria,Italian,12.13,Weekend,5,33,21,,
1476974,142461,Shake Shack,American,12.13,Weekend,4,32,15,,
1478005,97991,Blue Ribbon Sushi Bar & Grill,Japanese,19.45,Weekday,5,34,27,,
1476653,113972,RedFarm Hudson,Chinese,12.13,Weekend,3,31,25,,
1478440,231042,Momoya,Japanese,12.13,Weekend,5,22,21,,
1477920,83504,Balthazar Boulangerie,French,29.15,Weekday,4,31,28,,
1477797,194778,Shake Shack,American,16.06,Weekend,5,30,17,,
1477640,105992,RedFarm Broadway,Chinese,24.3,Weekend,5,27,29,,
1478324,250494,Blue Ribbon Fried Chicken,American,29.1,Weekend,4,21,22,,
1477573,58898,RedFarm Broadway,Chinese,21.39,Weekend,5,23,24,,
1477265,115238,The Smile,American,19.4,Weekday,5,26,27,,
1477723,368663,Shake Shack,American,12.18,Weekend,4,23,28,,
1478020,128353,The Meatball Shop,Italian,14.94,Weekend,5,32,25,,
1477032,60052,Rubirosa,Italian,29.1,Weekend,5,30,28,,
1478221,47280,Rubirosa,Italian,12.56,Weekend,4,31,17,,
1477389,391860,Lucky's Famous Burgers,American,16.2,Weekend,5,32,27,,
1477983,334373,Five Guys Burgers and Fries,American,14.12,Weekday,5,23,32,,
1477301,232035,Blue Ribbon Fried Chicken,American,12.18,Weekend,4,22,29,,
1476867,91879,da Umberto,Italian,12.27,Weekday,5,20,30,,
1477834,22405,The Meatball Shop,Italian,20.18,Weekend,4,32,26,,
1477577,290693,Shake Shack,American,14.02,Weekend,5,26,21,,
1477492,64658,Blue Ribbon Sushi Bar & Grill,Japanese,16.2,Weekday,5,27,27,,
1478075,232359,The Meatball Shop,American,29.25,Weekend,3,21,19,,
1476589,146588,Sushi of Gari,Japanese,15.96,Weekend,5,23,22,,
1477680,353606,P.J. Clarke's,American,15.62,Weekday,5,27,32,,
1477468,109221,Tortaria,Mexican,13,Weekday,5,21,24,,
1476619,78318,RedFarm Hudson,Chinese,12.23,Weekend,4,24,19,,
1477598,81110,Hill Country Fried Chicken,Southern,24.2,Weekend,4,25,15,,
1477624,104336,Shake Shack,American,19.45,Weekday,4,28,24,,
1478396,74925,Cafe Mogador,Middle Eastern,24.2,Weekend,4,32,22,,
1476999,63417,Pepe Rosso To Go,Italian,24.2,Weekend,3,27,19,,
1476599,47386,Bubby's ,American,22.75,Weekend,5,32,16,,
1477099,391746,Blue Ribbon Sushi,Japanese,24.3,Weekend,4,35,18,,
1477508,62027,Momoya,Japanese,19.35,Weekend,4,27,28,,
1478067,237616,Shake Shack,American,12.13,Weekday,3,22,27,,
1477163,376578,Shake Shack,American,15.76,Weekend,5,32,24,,
1476732,212469,Blue Ribbon Fried Chicken,American,33.03,Weekend,5,34,24,,
1477987,104563,Blue Ribbon Sushi,Japanese,24.25,Weekend,4,24,23,,
1476640,142773,Hibino,Japanese,14.02,Weekend,4,28,15,,
1478272,318874,The Kati Roll Company,Indian,14.07,Weekend,5,33,17,,
1477026,355592,CafÃŒÂ© China,Chinese,21.83,Weekend,4,32,15,,
1476560,149508,Shake Shack,American,22.26,Weekend,4,32,17,,
1477964,165130,The Meatball Shop,Italian,12.13,Weekday,4,22,32,,
1476623,277898,Blue Ribbon Fried Chicken,American,24.3,Weekend,5,22,26,,
1477844,134340,Mira Sushi,Japanese,13.05,Weekend,4,33,29,,
1476618,351749,Shake Shack,American,12.13,Weekday,5,30,26,,
1477256,196355,Shake Shack,American,12.18,Weekday,5,23,31,,
1477631,115519,The Meatball Shop,Italian,12.23,Weekend,4,31,28,,
1478136,61388,Five Guys Burgers and Fries,American,14.12,Weekend,4,27,27,,
1477690,370096,Melt Shop,American,21.93,Weekend,5,30,18,,
1477237,59217,Jack's Wife Freda,Mediterranean,16.15,Weekend,4,26,22,,
1478108,87188,Momoya,Japanese,32.93,Weekday,3,28,27,,
1477535,125123,S'MAC,American,15.57,Weekend,5,34,28,,
1477517,77793,The Meatball Shop,Italian,29.15,Weekend,5,23,30,,
1478029,403019,S'MAC,American,15.47,Weekday,5,31,32,,
1476585,141918,S'MAC,American,12.37,Weekend,4,30,28,,
1476664,164016,Blue Ribbon Fried Chicken,American,24.3,Weekday,5,20,27,,
1477271,94152,The Meatball Shop,Italian,17.08,Weekday,5,22,26,,
1477094,384571,Blue Ribbon Fried Chicken,American,22.31,Weekday,5,28,27,,
1477722,347263,Dos Caminos,Mexican,12.08,Weekday,5,26,26,,
1476831,169478,RedFarm Broadway,Chinese,12.61,Weekend,4,32,17,,
1477843,241719,Blue Ribbon Sushi Izakaya,Japanese,13.1,Weekday,5,24,28,,
1477323,59181,RedFarm Hudson,Chinese,12.13,Weekend,5,28,29,,
1477711,67647,J. G. Melon,American,12.66,Weekend,4,23,20,,
1477278,347263,Hummus Place,Middle Eastern,16.15,Weekend,4,30,28,,
1477663,93133,Nobu Next Door,Japanese,29.29,Weekday,4,30,24,,
1477195,64830,Cafeteria,American,20.47,Weekday,3,32,24,,
1476996,149984,Sushi of Gari 46,Japanese,16.44,Weekend,4,24,27,,
1478355,68103,The Meatball Shop,Italian,21.83,Weekend,4,30,20,,
1478159,57943,Shake Shack,American,15.76,Weekend,3,35,29,,
1476660,47280,Blue Ribbon Sushi,Japanese,12.18,Weekend,5,34,29,,
1477558,268365,Cafe Mogador,Middle Eastern,25.17,Weekend,4,23,30,,
1477731,122609,Blue Ribbon Sushi Izakaya,Japanese,24.25,Weekend,5,33,21,,
1478046,53289,The Loop,Japanese,31.38,Weekend,4,26,24,,
1478398,137617,Blue Ribbon Fried Chicken,American,24.3,Weekend,5,34,21,,
1477991,69713,The Meatball Shop,Italian,19.35,Weekend,5,21,23,,
1478247,104555,Sushi of Gari,Japanese,32.98,Weekend,4,34,21,,
1477875,154022,Blue Ribbon Sushi Bar & Grill,Japanese,12.18,Weekend,5,22,18,,
1477500,152786,Cafe Habana,Mexican,14.07,Weekend,4,26,21,,
1476736,60835,Nobu Next Door,Japanese,12.46,Weekend,4,35,28,,
1477372,55227,Sushi of Gari Tribeca,Japanese,29.2,Weekend,5,32,22,,
1477472,67845,RedFarm Hudson,Chinese,29.34,Weekend,5,27,29,,
1477738,97346,Osteria Morini,Italian,12.13,Weekend,5,22,26,,
1477392,203370,Chipotle Mexican Grill $1.99 Delivery,Mexican,15.57,Weekend,4,31,20,,
1477877,360844,RedFarm Broadway,Chinese,19.35,Weekend,5,33,18,,
1476915,142273,Pepe Rosso To Go,Italian,15.57,Weekend,5,29,27,,
1478109,87006,Nobu Next Door,Japanese,11.59,Weekend,5,26,24,,
1476914,141445,Parm,Italian,16.3,Weekend,3,26,23,,
1477463,66505,Mamoun's Falafel,Mediterranean,12.18,Weekday,5,25,30,,
1477427,291891,The Kati Roll Company,Indian,17.03,Weekend,5,24,22,,
1477220,41249,Kambi Ramen House,Japanese,32.93,Weekend,5,35,19,,
1477037,79215,Blue Ribbon Sushi,Japanese,12.23,Weekend,3,33,21,,
1477248,349123,Shake Shack,American,12.95,Weekday,5,20,30,,
1476740,60873,Jack's Wife Freda,Mediterranean,25.17,Weekday,4,31,25,,
1478052,77544,Shake Shack,American,24.3,Weekend,4,35,16,,
1477130,365469,Wo Hop Restaurant,Chinese,14.16,Weekend,4,22,16,,
1477856,143984,The Smile,American,25.17,Weekend,3,31,15,,
1477592,87357,Shake Shack,American,31.43,Weekend,5,30,19,,
1477230,284455,Shake Shack,American,12.66,Weekend,5,35,24,,
1476916,52832,Dickson's Farmstand Meats,American,15.72,Weekend,4,23,28,,
1477785,77306,Xi'an Famous Foods,Chinese,24.3,Weekend,4,32,29,,
1476643,88185,Momoya,Japanese,22.85,Weekend,4,32,17,,
1476994,141576,Blue Ribbon Sushi Bar & Grill,Japanese,19.35,Weekday,5,23,28,,
1476934,126134,Jack's Wife Freda,Mediterranean,32.93,Weekend,3,21,16,,
1478160,52832,Donburi-ya,Japanese,15.86,Weekday,5,28,28,,
1478228,86233,TAO,Japanese,15.28,Weekend,4,33,22,,
1478002,348096,The Meatball Shop,Italian,12.13,Weekend,5,34,16,,
1478112,232542,The Meatball Shop,Italian,22.36,Weekend,4,35,21,,
1477400,68775,Sushi of Gari Tribeca,Japanese,29.15,Weekend,4,22,17,,
1478274,374826,Waverly Diner,American,22.8,Weekend,4,25,21,,
1477804,381020,The Meatball Shop,Italian,19.45,Weekend,5,21,19,,
1477572,150865,Vanessa's Dumpling House,Chinese,15.52,Weekend,5,20,23,,
1476904,60845,Blue Ribbon Sushi,Japanese,25.27,Weekend,3,20,20,,
1477336,94480,The Meatball Shop,Italian,32.93,Weekend,5,34,29,,
1477812,93505,Rubirosa,Italian,24.2,Weekend,5,31,15,,
1477873,370053,Shake Shack,American,12.08,Weekend,3,29,24,,
1477997,186473,Blue Ribbon Sushi Izakaya,Japanese,12.23,Weekend,3,34,25,,
1477523,53503,RedFarm Broadway,Chinese,12.23,Weekend,4,21,21,,
1476572,356195,Blue Ribbon Fried Chicken,American,29.15,Weekday,5,20,29,,
1478236,121905,Chipotle Mexican Grill $1.99 Delivery,Mexican,22.26,Weekend,4,21,21,,
1478048,101202,Burger Joint,American,12.18,Weekend,4,35,15,,
1476746,201471,ilili Restaurant,Middle Eastern,12.66,Weekend,5,21,15,,
1478281,58898,Blue Ribbon Sushi,Japanese,16.93,Weekend,4,30,25,,
1478335,84502,Nobu Next Door,Japanese,25.17,Weekend,4,31,29,,
1477934,60052,RedFarm Broadway,Chinese,12.61,Weekend,5,28,21,,
1476645,140477,Serafina Fabulous Pizza,Italian,13.68,Weekend,5,20,20,,
1477450,79215,Blue Ribbon Sushi,Japanese,11.93,Weekend,3,24,21,,
1478135,276431,The Meatball Shop,Italian,14.02,Weekday,5,20,27,,
1477705,60397,Jack's Wife Freda,Mediterranean,12.18,Weekend,3,33,23,,
1477814,62359,Pylos,Mediterranean,35.41,Weekday,4,21,29,,
1478192,54365,Shake Shack,American,16.25,Weekend,5,27,23,,
1477203,60138,The Meatball Shop,American,15.86,Weekday,5,29,26,,
1477292,386766,Parm,Italian,17.03,Weekday,3,21,27,,
1477178,47440,Bareburger,American,24.2,Weekend,4,23,23,,
1477879,362961,ilili Restaurant,Middle Eastern,16.49,Weekend,4,30,28,,
1477602,320493,Vanessa's Dumplings,Chinese,16.78,Weekend,5,27,29,,
1477088,129486,Mamoun's Falafel,Mediterranean,12.61,Weekend,4,21,17,,
1476964,81405,RedFarm Broadway,Chinese,24.25,Weekend,5,29,22,,
1477981,154464,Westville Hudson,American,11.16,Weekend,4,24,20,,
1477851,66373,Blue Ribbon Sushi Izakaya,Japanese,32.93,Weekend,4,21,19,,
1477636,94909,Parm,Italian,12.13,Weekend,4,29,26,,
1477944,70564,Rubirosa,Italian,14.12,Weekday,3,26,27,,
1478073,121686,TAO,Japanese,24.25,Weekend,4,22,21,,
1476815,39029,Prosperity Dumpling,Chinese,13.63,Weekend,5,25,24,,
1477019,62359,RedFarm Hudson,Chinese,15.52,Weekend,5,30,18,,
1478409,151333,Melt Shop,American,25.27,Weekend,5,27,30,,
1477471,103147,Hot Kitchen,Chinese,29.54,Weekend,5,34,28,,
1478331,42424,Han Dynasty,Chinese,12.13,Weekend,5,33,27,,
1478319,84087,The Meatball Shop,Italian,16.49,Weekend,3,22,28,,
1477719,367051,RedFarm Hudson,Chinese,15.04,Weekend,3,35,25,,
1477816,187187,Momoya,Japanese,11.59,Weekend,3,24,29,,
1477777,73175,Hill Country Fried Chicken,Southern,31.43,Weekday,5,25,28,,
1478421,59673,Dig Inn Seasonal Market,American,15.71,Weekday,5,27,26,,
1476775,66636,Shake Shack,American,29.1,Weekday,5,29,31,,
1478395,283052,Han Dynasty,Chinese,13,Weekend,4,32,22,,
1477309,64151,Rubirosa,Italian,22.8,Weekday,5,32,27,,
1477315,176622,Cafe Mogador,Middle Eastern,15.91,Weekend,5,32,15,,
1476678,91817,Shake Shack,American,21.39,Weekend,4,28,18,,
1478363,138024,Cho Dang Gol,Korean,29.25,Weekend,4,23,21,,
1477288,47879,El Parador Cafe,Mexican,13.19,Weekday,5,22,28,,
1478350,132753,Vanessa's Dumplings,Chinese,15.57,Weekend,5,33,28,,
1476977,41246,Shake Shack,American,25.17,Weekend,5,27,26,,
1477544,113972,RedFarm Hudson,Chinese,19.35,Weekend,4,31,15,,
1477487,209552,TAO,Japanese,12.61,Weekend,5,32,24,,
1477187,353331,Chipotle Mexican Grill $1.99 Delivery,Mexican,12.13,Weekend,5,34,19,,
1478387,70564,Jack's Wife Freda,Mediterranean,12.08,Weekend,5,30,19,,
1478204,64153,Blue Ribbon Fried Chicken,American,14.07,Weekday,4,34,24,,
1476613,65561,Chipotle Mexican Grill $1.99 Delivery,Mexican,29.1,Weekend,5,24,28,,
1476739,290266,Socarrat Paella Bar,Spanish,25.22,Weekend,5,23,20,,
1476617,53513,The Meatball Shop,Italian,31.33,Weekend,3,30,15,,
1477563,385426,Shake Shack,American,17.03,Weekday,5,35,32,,
1478341,254913,Shake Shack,American,10.82,Weekend,4,34,20,,
1477325,54110,Parm,Italian,19.35,Weekday,4,23,26,,
1477524,236739,Xi'an Famous Foods,Chinese,19.45,Weekend,5,28,18,,
1476763,142170,RedFarm Broadway,Chinese,13.1,Weekend,4,26,22,,
1477693,67345,Bareburger,American,13.05,Weekend,4,31,30,,
1477922,304587,Westville Hudson,American,33.03,Weekend,5,25,18,,
1477219,389155,The Meatball Shop,Italian,32.98,Weekday,3,23,25,,
1478018,304112,Shake Shack,American,16.25,Weekday,5,27,31,,
1477998,90113,Blue Ribbon Sushi,Japanese,29.1,Weekend,5,20,16,,
1477890,284835,Shake Shack,American,22.36,Weekday,3,20,32,,
1478430,133701,The Loop,Japanese,24.3,Weekend,5,21,29,,
1478351,78939,Blue Ribbon Sushi,Japanese,12.08,Weekend,5,31,16,,
1478202,345429,Burger Joint,American,21.88,Weekend,5,26,24,,
1476933,375704,Shake Shack,American,32.98,Weekend,3,22,21,,
1478071,70315,Five Guys Burgers and Fries,American,14.12,Weekend,4,28,25,,
1477504,71613,Empanada Mama (closed),Mexican,15.57,Weekend,4,24,20,,
1477597,49010,Shake Shack,American,24.25,Weekend,5,34,24,,
1478001,64153,Blue Ribbon Fried Chicken,American,31.38,Weekend,3,35,20,,
1477127,314480,Shake Shack,American,15.76,Weekday,5,30,24,,
1477846,52574,Blue Ribbon Sushi,Japanese,24.25,Weekday,5,30,26,,
1477838,52256,Han Dynasty,Chinese,12.08,Weekend,5,22,23,,
1477365,61181,Shake Shack,American,14.07,Weekend,5,33,25,,
1477266,85422,Saravanaa Bhavan,Indian,24.25,Weekday,5,29,26,,
1477800,344268,Sushi Choshi,Japanese,13.73,Weekend,3,35,27,,
1478428,53543,The Smile,American,12.18,Weekday,5,29,27,,
1478403,294478,RedFarm Broadway,Chinese,32.98,Weekend,4,25,15,,
1477701,328551,Kanoyama,Japanese,32.98,Weekend,5,35,16,,
1477318,42408,UVA Wine Bar & Restaurant,Italian,14.65,Weekday,5,32,25,,
1477367,343554,Blue Ribbon Fried Chicken,American,12.95,Weekend,5,27,28,,
1477754,133222,P.J. Clarke's,American,21.34,Weekday,5,25,28,,
1478280,91722,Shake Shack,American,19.4,Weekend,5,32,15,,
1478382,144997,Nobu Next Door,Japanese,15.91,Weekend,4,26,15,,
1476782,367449,The Meatball Shop,Italian,12.23,Weekend,5,24,17,,
1478178,125834,The Meatball Shop,Italian,12.23,Weekend,5,25,19,,
1477189,54630,V-Nam Cafe,Vietnamese,22.26,Weekend,5,33,26,,
1476894,384698,Don's Bogam BBQ & Wine Bar,Korean,14.07,Weekend,3,33,16,,
1476807,79215,Blue Ribbon Sushi,Japanese,16.49,Weekend,3,24,30,,
1478103,130956,Blue Ribbon Sushi,Japanese,12.95,Weekend,5,25,16,,
1476824,259341,Momoya,Japanese,19.4,Weekend,4,27,16,,
1477635,124393,Amma,Indian,31.43,Weekday,5,20,27,,
1476797,357592,Blue Ribbon Sushi,Japanese,16.15,Weekend,3,23,21,,
1476962,342777,Blue Ribbon Sushi,Japanese,12.9,Weekday,3,25,31,,
1477959,175290,Otto Enoteca Pizzeria,Italian,29.05,Weekend,5,24,18,,
1477426,135769,Blue Ribbon Sushi,Japanese,19.35,Weekend,5,26,23,,
1478049,259341,TAO,Japanese,12.71,Weekend,3,22,17,,
1477811,373152,Blue Ribbon Sushi,Japanese,24.3,Weekend,5,32,28,,
1478068,222073,The Smile,American,12.08,Weekend,5,27,25,,
1477002,133202,ilili Restaurant,Middle Eastern,29.25,Weekend,3,27,21,,
1477139,139755,Tortaria,Mexican,13.05,Weekend,5,23,19,,
1478150,97806,Shake Shack,American,25.22,Weekend,4,35,27,,
1477073,87752,Shake Shack,American,29.05,Weekend,5,21,22,,
1476684,35631,Shake Shack,American,19.4,Weekend,5,32,24,,
1477892,196320,Parm,Italian,25.17,Weekday,4,33,32,,
1477481,47440,Bareburger,American,25.22,Weekday,3,31,27,,
1477538,184085,Hill Country Fried Chicken,Southern,14.84,Weekend,4,21,21,,
1477557,140501,The Meatball Shop,Italian,22.36,Weekend,5,32,21,,
1477684,39275,TAO,Japanese,15.28,Weekend,5,20,27,,
1476620,54110,Tamarind TriBeCa,Indian,12.23,Weekend,4,21,21,,
1477244,47386,Bubby's ,American,12.18,Weekday,4,28,31,,
1477231,63147,Shake Shack,American,12.61,Weekend,4,29,19,,
1477576,105087,Rubirosa,Italian,14.12,Weekday,4,26,32,,
1478203,41907,Hatsuhana,Japanese,14.07,Weekend,5,27,24,,
1476890,83469,Han Dynasty,Chinese,12.18,Weekday,3,33,29,,
1477059,67487,Blue Ribbon Sushi,Japanese,17.07,Weekend,4,27,15,,
1477038,96877,The Meatball Shop,Italian,12.18,Weekend,5,25,28,,
1478214,103049,TAO,Japanese,25.22,Weekend,5,28,17,,
1476636,232214,Terakawa Ramen,Japanese,14.65,Weekend,4,30,16,,
1477841,18902,Rubirosa,Italian,21.88,Weekend,4,28,27,,
1476845,55334,Blue Ribbon Sushi,Japanese,12.13,Weekend,5,31,29,,
1477801,268365,Zero Otto Nove,Italian,12.18,Weekday,4,29,25,,
1477594,47440,Bareburger,American,12.18,Weekday,3,25,24,,
1478318,263426,TAO,Japanese,22.12,Weekday,5,32,30,,
1477202,259341,Joe's Shanghai Â__Ã€Â_Ã_Â£Â_Ã·Â´,Chinese,16.1,Weekend,5,31,22,,
1478180,270525,The Smile,American,22.26,Weekend,5,25,26,,
1477992,65589,Blue Ribbon Sushi Izakaya,Japanese,19.45,Weekday,5,33,32,,
1477164,74424,Shake Shack,American,15.77,Weekend,3,29,20,,
1478386,240093,The Meatball Shop,Italian,14.7,Weekday,5,30,24,,
1476756,263426,Shake Shack,American,14.07,Weekend,3,21,27,,
1477989,102801,ilili Restaurant,Middle Eastern,13.73,Weekday,5,22,33,,
1477972,97806,Shake Shack,American,12.61,Weekend,4,26,25,,
1477578,385150,Blue Ribbon Sushi,Japanese,12.18,Weekend,4,27,16,,
1478208,371590,The Meatball Shop,Italian,29.15,Weekend,5,29,27,,
1477215,27609,Blue Ribbon Sushi Bar & Grill,Japanese,24.25,Weekend,5,25,26,,
1476675,235818,Shake Shack,American,15.96,Weekday,4,28,27,,
1478275,334758,Five Guys Burgers and Fries,American,24.3,Weekend,5,28,18,,
1477604,128711,RedFarm Hudson,Chinese,12.56,Weekend,3,20,22,,
1477039,338923,Hill Country Fried Chicken,Southern,22.31,Weekday,3,21,25,,
1478042,201542,TAO,Japanese,29.05,Weekend,4,35,24,,
1477825,389740,L'Express,French,11.98,Weekday,5,21,28,,
1476735,369272,Blue Ribbon Sushi Bar & Grill,Japanese,11.69,Weekday,5,21,28,,
1476686,45396,Blue Ribbon Sushi,Japanese,16.44,Weekend,5,30,29,,
1478435,350180,RedFarm Hudson,Chinese,20.32,Weekday,5,30,29,,
1476802,318451,Blue Ribbon Sushi,Japanese,14.02,Weekend,4,23,18,,
1477018,53947,Shake Shack,American,15.52,Weekend,5,33,17,,
1476971,250494,Parm,Italian,28.57,Weekday,5,22,32,,
1477470,350659,Shake Shack,American,24.25,Weekend,4,27,30,,
1477755,107909,Cafeteria,American,12.08,Weekend,3,35,28,,
1478084,110461,Blue Ribbon Sushi,Japanese,22.07,Weekend,4,33,15,,
1478431,245862,S'MAC,American,16.49,Weekend,5,27,19,,
1477559,127149,P.J. Clarke's,American,25.27,Weekday,5,34,29,,
1477666,368295,Blue Ribbon Fried Chicken,American,11.64,Weekend,5,24,16,,
1477746,288777,Don's Bogam BBQ & Wine Bar,Korean,12.61,Weekend,4,25,26,,
1478358,371806,The Meatball Shop,Italian,13,Weekend,5,34,26,,
1476616,348096,Parm,Italian,31.43,Weekday,5,28,25,,
1476968,99621,Jack's Wife Freda,Mediterranean,29.05,Weekend,5,35,28,,
1478045,97420,Yama 49,Japanese,31.33,Weekend,5,21,27,,
1477660,304365,Sarabeth's Restaurant,American,24.25,Weekend,5,23,24,,
1476584,363561,Shake Shack,American,12.37,Weekend,3,28,28,,
1477033,59105,Sushi of Gari 46,Japanese,29.05,Weekend,3,35,26,,
1476713,58434,Blue Ribbon Sushi Izakaya,Japanese,15.76,Weekend,4,33,23,,
1477340,186473,Blue Ribbon Sushi,Japanese,12.13,Weekend,5,30,28,,
1477514,178172,The Meatball Shop,American,12.18,Weekend,4,23,22,,
1477046,302132,Dos Caminos Soho,Mexican,12.66,Weekday,5,24,30,,
1477593,322787,Parm,Italian,12.08,Weekend,5,30,25,,
1476716,37982,Saravanaa Bhavan,Indian,15.52,Weekday,5,33,26,,
1477357,5444,Go! Go! Curry!,Japanese,20.18,Weekend,3,22,29,,
1476576,297130,Blue Ribbon Sushi,Japanese,31.43,Weekend,5,24,17,,
1477078,115231,Izakaya Ten,Japanese,12.23,Weekday,5,23,24,,
1477061,390436,Blue Ribbon Sushi,Japanese,13,Weekday,5,22,31,,
1477116,126730,The Kati Roll Company,Indian,24.2,Weekend,5,26,16,,
1478128,320187,TAO,Japanese,14.75,Weekend,5,35,19,,
1476646,103147,Hot Kitchen,Chinese,13,Weekend,5,32,25,,
1478286,102580,Blue Ribbon Sushi Izakaya,Japanese,29.05,Weekday,4,28,25,,
1478443,96943,Cafe Mogador,Middle Eastern,29.88,Weekend,4,20,17,,
1478195,115519,Blue Ribbon Fried Chicken,American,20.23,Weekday,4,20,26,,
1477093,318545,Serafina Fabulous Pizza,Italian,14.84,Weekday,3,35,31,,
1477140,366954,Blue Ribbon Sushi,Japanese,24.25,Weekend,5,35,16,,
1477024,68154,Nobu Next Door,Japanese,12.18,Weekend,5,32,23,,
1478035,178846,Blue Ribbon Fried Chicken,American,10.14,Weekend,4,21,17,,
1477499,306119,Xi'an Famous Foods,Chinese,14.12,Weekend,4,32,19,,
1478085,42930,Tony's Di Napoli,Italian,11.3,Weekend,4,35,29,,
1477115,87752,Shake Shack,American,24.25,Weekday,5,20,27,,
1476658,127149,P.J. Clarke's,American,31.43,Weekend,4,31,23,,
1477867,138426,Tony's Di Napoli,Italian,15.81,Weekend,5,35,30,,
1478097,252342,Westville Hudson,American,12.18,Weekend,3,20,25,,
1477183,127934,Blue Ribbon Fried Chicken,American,33.03,Weekend,5,35,25,,
1477681,225912,12 Chairs,Middle Eastern,16.3,Weekday,4,27,26,,
1477136,120490,Parm,Italian,21.88,Weekend,4,23,30,,
1476627,120385,Westville Hudson,American,16.98,Weekend,5,34,20,,
1476622,399332,Philippe Chow,Chinese,24.2,Weekday,5,28,30,,
1477246,39705,Bukhara Grill,Indian,16.54,Weekend,5,23,17,,
1477696,54809,RedFarm Broadway,Chinese,24.3,Weekday,5,24,31,,
1477171,229946,Chipotle Mexican Grill $1.99 Delivery,Mexican,12.13,Weekend,3,34,25,,
1476720,91958,Dirty Bird To Go (archived),American,12.13,Weekend,4,22,27,,
1476767,83287,Blue Ribbon Sushi Izakaya,Japanese,18.24,Weekend,5,32,22,,
1477839,75548,The MasalaWala,Indian,12.13,Weekend,4,32,15,,
1477462,304707,Han Dynasty,Chinese,12.08,Weekend,5,27,29,,
1476858,385350,Blue Ribbon Sushi,Japanese,12.13,Weekend,5,26,17,,
1477808,123977,Vezzo Thin Crust Pizza,Italian,13.05,Weekend,5,31,27,,
1477902,91114,Shake Shack,American,15.77,Weekend,4,35,23,,
1477668,160957,Han Dynasty,Chinese,22.31,Weekend,5,29,15,,
1477847,106478,Blue Ribbon Sushi,Japanese,24.25,Weekday,4,22,29,,
1476718,35643,Vanessa's Dumpling House,Chinese,14.84,Weekend,5,31,24,,
1478429,355090,Shake Shack,American,22.85,Weekend,5,24,23,,
1476885,133349,Vanessa's Dumplings,Chinese,20.23,Weekend,5,33,17,,
1478230,97346,RedFarm Hudson,Chinese,14.6,Weekend,3,30,28,,
1478162,241080,TAO,Japanese,15.52,Weekend,4,32,27,,
1477583,370096,Melt Shop,American,19.4,Weekend,4,30,25,,
1477214,98319,Five Guys Burgers and Fries,American,13,Weekday,5,30,27,,
1476730,344577,Chipotle Mexican Grill $1.99 Delivery,Mexican,29.05,Weekend,4,22,21,,
1478242,372276,Pinto Nouveau Thai Bistro,Thai,24.2,Weekend,5,29,15,,
1477773,72726,Shake Shack,American,12.18,Weekend,5,32,24,,
1477063,317446,The Meatball Shop,Italian,19.4,Weekend,5,28,30,,
1477419,186454,Shake Shack,American,14.07,Weekend,5,34,17,,
1476864,381020,RedFarm Broadway,Chinese,31.86,Weekend,4,25,19,,
1476791,390484,RedFarm Broadway,Chinese,12.56,Weekday,4,35,33,,
1477054,351799,Sushi of Gari Tribeca,Japanese,14.07,Weekend,5,34,29,,
1476851,361220,Carmine's,Italian,19.98,Weekday,5,34,30,,
1477241,42828,Jack's Wife Freda,Mediterranean,14.12,Weekday,5,25,25,,
1477282,241719,Sushi of Gari Tribeca,Japanese,12.42,Weekend,4,23,20,,
1476852,369809,Five Guys Burgers and Fries,American,19.45,Weekday,3,28,28,,
1476958,41638,Blue Ribbon Fried Chicken,American,12.18,Weekend,4,26,29,,
1476552,334758,Melt Shop,American,12.56,Weekend,4,25,23,,
1477137,157578,P.J. Clarke's,American,14.07,Weekday,5,33,26,,
1477440,127934,Blue Ribbon Fried Chicken,American,12.52,Weekday,4,24,31,,
1478215,92726,Sarabeth's East,American,25.27,Weekend,4,23,19,,
1478301,184325,Asuka Sushi,Japanese,22.75,Weekday,5,25,32,,
1477294,39334,The Meatball Shop,American,12.18,Weekend,5,22,26,,
1478270,303548,Shake Shack,American,14.02,Weekend,4,20,21,,
1477299,60039,ilili Restaurant,Middle Eastern,31.33,Weekday,4,29,27,,
1477221,125510,Blue Ribbon Sushi Izakaya,Japanese,33.03,Weekend,3,34,23,,
1477946,81152,Hill Country Fried Chicken,Southern,14.12,Weekend,5,25,15,,
1477395,56219,Parm,Italian,14.55,Weekday,5,30,32,,
1478404,97991,Blue Ribbon Sushi Bar & Grill,Japanese,33.03,Weekend,5,28,15,,
1476567,122609,Blue Ribbon Sushi,Japanese,13,Weekend,5,34,15,,
1476903,53874,Sarabeth's,American,25.17,Weekend,3,28,23,,
1476764,44049,Sushi Samba,Japanese,13,Weekend,4,33,21,,
1476629,317993,Melt Shop,American,12.66,Weekend,3,27,26,,
1477229,72339,Hatsuhana,Japanese,17.03,Weekday,4,35,33,,
1477332,43018,RedFarm Hudson,Chinese,24.2,Weekend,5,27,19,,
1478410,84087,The Meatball Shop,Italian,25.22,Weekend,5,32,25,,
1477169,46696,Blue Ribbon Sushi Bar & Grill,Japanese,12.08,Weekday,5,29,24,,
1476761,64153,Blue Ribbon Fried Chicken,American,24.25,Weekday,5,33,30,,
1477584,275689,Cafe Habana,Mexican,16.98,Weekday,4,23,30,,
1477142,87151,Rubirosa,Italian,24.2,Weekend,4,23,26,,
1477176,260680,Tamarind TriBeCa,Indian,12.95,Weekday,3,27,24,,
1478383,121905,Shake Shack,American,15.86,Weekend,3,34,20,,
1476917,58675,Big Daddy's,American,14.84,Weekend,5,32,22,,
1477734,81658,The Meatball Shop,Italian,29.25,Weekday,5,35,29,,
1477151,97991,Blue Ribbon Sushi Bar & Grill,Japanese,22.36,Weekend,4,25,18,,
1478333,93437,Sushi of Gari 46,Japanese,22.26,Weekend,5,27,26,,
1478131,395616,Parm,Italian,12.13,Weekend,3,23,15,,
1477279,35432,TAO,Japanese,16.15,Weekend,3,24,22,,
1478309,127130,Momoya,Japanese,16.05,Weekday,4,34,33,,
1477368,132137,Parm,Italian,24.25,Weekend,4,34,21,,
1477506,283831,Blue Ribbon Sushi Bar & Grill,Japanese,13.05,Weekday,5,22,28,,
1476888,342107,Shake Shack,American,12.13,Weekday,5,25,30,,
1477579,349854,Shake Shack,American,24.35,Weekday,5,34,26,,
1477977,43856,Han Dynasty,Chinese,16.01,Weekend,5,30,16,,
1477649,106478,Cafe Mogador,Middle Eastern,16.15,Weekend,5,29,27,,
1477108,47280,Blue Ribbon Sushi,Japanese,29.68,Weekend,3,26,30,,
1477947,78560,The Meatball Shop,Italian,12.18,Weekend,3,27,20,,
1477488,344586,Sushi of Gari 46,Japanese,12.56,Weekend,4,20,22,,
1478392,77511,Parm,Italian,21.93,Weekend,4,22,25,,
1478177,80683,Blue Ribbon Sushi,Japanese,11.59,Weekend,4,22,18,,
1477035,141496,Dickson's Farmstand Meats,American,33.03,Weekend,5,35,20,,
1477923,75115,RedFarm Hudson,Chinese,33.03,Weekend,3,32,19,,
1477984,353676,indikitch,Indian,14.07,Weekend,4,20,30,,
1477191,93797,ilili Restaurant,Middle Eastern,25.22,Weekday,5,25,33,,
1477950,301032,Blue Ribbon Fried Chicken,American,16.44,Weekend,4,24,16,,
1476679,241719,Blue Ribbon Sushi Izakaya,Japanese,14.41,Weekend,5,22,20,,
1478388,285143,Pepe Rosso To Go,Italian,12.13,Weekend,4,25,18,,
1478078,54608,Tamarind TriBeCa,Indian,22.26,Weekend,5,34,15,,
1477443,105903,Shake Shack,American,24.3,Weekday,4,35,29,,
1478432,331143,Waverly Diner,American,14.6,Weekday,3,20,32,,
1476988,94115,Moonstruck on Second,American,14.94,Weekend,5,27,20,,
1478145,42461,Melt Shop,American,11.69,Weekday,4,21,27,,
1477948,141550,Serafina Fabulous Pizza,Italian,22.8,Weekday,4,28,31,,
1477739,63096,Rubirosa,Italian,12.51,Weekend,5,21,15,,
1476801,104130,Ravagh Persian Grill,Middle Eastern,14.07,Weekday,5,34,33,,
1477703,121681,Momoya,Japanese,11.59,Weekend,5,20,21,,
1476822,284256,Empanada Mama (closed),Mexican,12.13,Weekend,5,21,22,,
1477869,125854,Shake Shack,American,15.76,Weekend,4,34,27,,
1478245,52832,Junoon,Indian,29.49,Weekend,5,23,17,,
1477250,41409,Nobu Next Door,Japanese,19.35,Weekend,4,28,30,,
1477840,35309,Blue Ribbon Sushi,Japanese,19.4,Weekend,5,24,25,,
1478233,264707,TAO,Japanese,12.08,Weekday,3,24,26,,
1477622,84087,The Meatball Shop,Italian,12.71,Weekday,5,29,33,,
1477698,60835,Parm,Italian,29.35,Weekend,5,29,17,,
1478080,312853,Five Guys Burgers and Fries,American,25.27,Weekend,5,27,29,,
1478019,106006,Blue Ribbon Sushi Izakaya,Japanese,16.1,Weekend,3,20,28,,
1477505,399832,The Kati Roll Company,Indian,14.07,Weekend,5,23,20,,
1477204,376578,Shake Shack,American,15.57,Weekday,4,34,25,,
1477988,82041,Parm,Italian,16.44,Weekend,4,23,22,,
1478345,365871,Cafe de La Esquina,Mexican,16.06,Weekend,5,27,21,,
1477985,325272,Cho Dang Gol,Korean,12.13,Weekend,4,29,16,,
1477961,167738,Jack's Wife Freda,Mediterranean,31.43,Weekend,5,34,20,,
1478041,96456,67 Burger,American,29.05,Weekday,5,20,28,,
1478232,77371,Blue Ribbon Sushi Bar & Grill,Japanese,12.18,Weekend,4,24,15,,
1477455,38336,Rubirosa,Italian,16.2,Weekend,4,21,27,,
1477263,291667,Shake Shack,American,12.23,Weekday,5,35,25,,
1477242,63890,Blue Ribbon Sushi,Japanese,14.12,Weekday,5,35,33,,
1477783,73895,RedFarm Broadway,Chinese,19.4,Weekend,5,24,25,,
1476798,110858,Burger Joint,American,14.16,Weekend,4,28,28,,
1477789,185355,Sushi Samba,Japanese,22.85,Weekday,5,21,32,,
1477736,361701,Westville Hudson,American,32.93,Weekend,5,30,20,,
1476951,331143,Waverly Diner,American,16.3,Weekday,3,28,25,,
1476986,298794,TAO,Japanese,15.86,Weekend,4,22,17,,
1477667,106478,Balthazar Boulangerie,French,12.13,Weekend,5,25,24,,
1476583,62929,Bareburger,American,17.03,Weekend,5,35,21,,
1478030,131093,Bareburger,American,13.77,Weekend,3,33,29,,
1476591,128224,Blue Ribbon Sushi,Japanese,16.1,Weekend,3,26,17,,
1478066,156218,RedFarm Hudson,Chinese,15.23,Weekend,5,31,16,,
1476861,94700,Tamarind TriBeCa,Indian,29.15,Weekend,3,35,22,,
1476899,335155,Shake Shack,American,29.05,Weekend,4,33,16,,
1478248,113926,Han Dynasty,Chinese,33.03,Weekday,5,35,32,,
1478181,97079,Benihana,Japanese,25.22,Weekday,4,27,27,,
1477650,284835,Shake Shack,American,15.57,Weekend,5,32,17,,
1478069,130521,Lucky's Famous Burgers,American,12.13,Weekday,5,21,30,,
1477175,47235,Blue Ribbon Fried Chicken,American,14.6,Weekend,3,27,27,,
1476837,147468,Nha Trang One,Vietnamese,15.67,Weekday,3,23,24,,
1477686,105837,Nobu Next Door,Japanese,12.18,Weekend,4,29,20,,
1477564,378820,Sushi Samba,Japanese,12.61,Weekend,5,29,29,,
1477113,6987,Hill Country Fried Chicken,Southern,12.23,Weekday,4,20,29,,
1477911,65306,Sushi of Gari Tribeca,Japanese,12.18,Weekend,5,35,19,,
1477546,67162,Shake Shack,American,14.07,Weekday,4,24,28,,
1477320,397261,Blue Ribbon Fried Chicken,American,14.84,Weekend,5,21,25,,
1478427,86806,Pylos,Mediterranean,14.12,Weekday,4,26,24,,
1476573,370405,Haveli Indian Restaurant,Indian,29.1,Weekday,3,23,24,,
1477735,302769,Blue Ribbon Fried Chicken,American,29.05,Weekend,5,29,20,,
1478033,67748,Rubirosa,Italian,19.4,Weekend,4,34,16,,
1478186,302923,Shake Shack,American,20.52,Weekend,3,31,15,,
1477776,115213,Tamarind TriBeCa,Indian,29.39,Weekend,5,30,25,,
1478312,398952,Han Dynasty,Chinese,13.78,Weekend,5,27,20,,
1477291,198194,The Kati Roll Company,Indian,19.4,Weekday,5,24,30,,
1478168,78879,Blue Ribbon Fried Chicken,American,19.4,Weekend,4,33,21,,
1477896,42052,Pepe Rosso To Go,Italian,22.8,Weekend,5,35,24,,
1477507,146588,Shake Shack,American,19.4,Weekend,5,33,27,,
1478271,347181,RedFarm Hudson,Chinese,14.12,Weekend,5,21,24,,
1477853,115213,Junoon,Indian,28.62,Weekday,5,21,32,,
1478347,251817,Blue Ribbon Fried Chicken,American,15.71,Weekend,3,27,25,,
1477457,92806,Shake Shack,American,15.18,Weekday,5,30,33,,
1477393,79849,Parm,Italian,22.36,Weekend,4,21,30,,
1477653,142619,Shake Shack,American,12.13,Weekend,5,26,26,,
1478127,78879,Blue Ribbon Fried Chicken,American,20.18,Weekend,3,22,20,,
1476556,301380,ilili Restaurant,Middle Eastern,16.3,Weekend,4,27,16,,
1477280,377274,RedFarm Broadway,Chinese,14.07,Weekend,3,34,17,,
1476784,105385,Han Dynasty,Chinese,24.2,Weekend,5,23,15,,
1478240,44367,Rubirosa,Italian,24.2,Weekend,4,34,16,,
1476886,320088,Cafe Mogador,Middle Eastern,13.68,Weekend,4,29,18,,
1478101,105068,TAO,Japanese,13.97,Weekend,5,28,25,,
1478164,138024,Cho Dang Gol,Korean,11.84,Weekend,5,25,16,,
1477390,199049,Five Guys Burgers and Fries,American,16.05,Weekend,4,29,18,,
1476900,240014,Sarabeth's,American,32.93,Weekday,4,33,33,,
1477697,362685,Momoya,Japanese,29.1,Weekday,4,21,29,,
1476655,91817,Blue Ribbon Fried Chicken,American,29.15,Weekend,4,31,17,,
1478175,349676,Sarabeth's,American,29.3,Weekend,5,23,17,,
1477982,39421,Go! Go! Curry!,Japanese,14.02,Weekday,4,22,27,,
1476697,46219,The Meatball Shop,American,32.93,Weekend,3,35,16,,
1478308,358158,Galli Restaurant,Italian,16.06,Weekend,5,22,16,,
1478028,44594,Shake Shack,American,24.25,Weekend,5,31,28,,
1477555,361497,V-Nam Cafe,Vietnamese,12.13,Weekend,4,20,26,,
1478137,209418,Izakaya Ten,Japanese,13.05,Weekend,3,34,23,,
1476771,365225,P.J. Clarke's,American,12.18,Weekday,5,30,24,,
1478362,134152,The Meatball Shop,Italian,29.1,Weekday,5,22,33,,
1476722,328551,Kanoyama,Japanese,12.81,Weekend,5,23,24,,
1478111,366954,Blue Ribbon Sushi,Japanese,12.23,Weekend,4,29,22,,
1477976,69348,RedFarm Broadway,Chinese,16.1,Weekend,5,21,27,,
1478194,67937,Shake Shack,American,15.52,Weekend,5,22,17,,
1477884,348096,Parm,Italian,29.44,Weekend,4,33,24,,
1477817,335897,Sushi of Gari 46,Japanese,12.18,Weekday,4,24,27,,
1477408,125542,Hampton Chutney Co.,Thai,12.37,Weekend,4,21,20,,
1477953,39334,The Meatball Shop,American,19.35,Weekend,4,31,25,,
1477924,288808,The Meatball Shop,Italian,32.98,Weekday,5,26,27,,
1477802,85091,The Meatball Shop,Italian,12.13,Weekend,4,21,25,,
1477669,260844,Byblos Restaurant,Middle Eastern,25.27,Weekend,3,33,16,,
1476559,47440,Bareburger,American,15.57,Weekday,4,24,28,,
1478149,303548,Shake Shack,American,25.22,Weekend,3,27,25,,
1477761,123977,Blue Ribbon Sushi,Japanese,24.35,Weekend,5,33,22,,
1478311,326505,Blue Ribbon Fried Chicken,American,21.29,Weekend,5,28,29,,
1476925,354719,The Meatball Shop,Italian,14.02,Weekday,5,32,32,,
1476832,385191,Donburi-ya,Japanese,12.37,Weekend,5,24,17,,
1476681,68258,Parm,Italian,12.13,Weekday,4,23,31,,
1477655,96666,Empanada Mama (closed),Mexican,19.35,Weekend,5,29,22,,
1476692,175327,Nobu Next Door,Japanese,29.1,Weekday,3,35,27,,
1477954,130237,Tamarind TriBeCa,Indian,16.98,Weekend,5,22,17,,
1477182,383826,Song Thai Restaurant & Bar,Thai,29.2,Weekend,5,21,28,,
1477304,88406,The Meatball Shop,Italian,24.2,Weekday,4,28,30,,
1478434,40500,J. G. Melon,American,19.45,Weekend,5,24,15,,
1477720,215219,Empanada Mama (closed),Mexican,19.98,Weekday,4,23,32,,
1476638,46696,Blue Ribbon Sushi Bar & Grill,Japanese,11.88,Weekend,5,25,17,,
1477166,402215,RedFarm Hudson,Chinese,21.29,Weekend,4,32,25,,
1477338,81110,Hill Country Fried Chicken,Southern,11.64,Weekend,4,35,21,,
1477565,65009,Blue Ribbon Fried Chicken,American,12.56,Weekday,5,27,27,,
1478328,58898,Rubirosa,Italian,33.03,Weekend,5,22,28,,
1477289,72322,Cafe Mogador,Middle Eastern,12.95,Weekend,3,21,20,,
1478146,207281,Shake Shack,American,12.27,Weekend,5,24,28,,
1476662,115213,Tamarind TriBeCa,Indian,12.18,Weekend,5,25,20,,
1476991,81828,The Meatball Shop,Italian,12.08,Weekend,3,32,19,,
1477433,283331,Dickson's Farmstand Meats,American,12.18,Weekend,5,21,20,,
1478239,400390,Shake Shack,American,12.95,Weekend,4,30,26,,
1477370,89889,Sushi of Gari 46,Japanese,29.1,Weekday,5,32,30,,
1477795,169478,RedFarm Broadway,Chinese,15.96,Weekday,4,35,33,,
1476811,47386,Barbounia,Mediterranean,16.93,Weekend,5,30,18,,
1476990,301032,Mission Cantina,Mexican,15.57,Weekend,5,21,28,,
1478329,116992,Tres Carnes,Mexican,33.32,Weekday,4,21,33,,
1478385,250494,Blue Ribbon Fried Chicken,American,21.34,Weekend,5,28,21,,
1477300,232359,The Meatball Shop,American,31.43,Weekend,4,20,21,,
1476758,120504,Schnipper's Quality Kitchen,American,14.02,Weekend,5,20,16,,
1477940,42274,Joe's Shanghai Â__Ã€Â_Ã_Â£Â_Ã·Â´,Chinese,16.15,Weekend,3,33,20,,
1478023,243910,Nobu Next Door,Japanese,14.12,Weekend,3,30,19,,
1476766,45837,Shake Shack,American,19.35,Weekend,4,21,29,,
1478339,35643,Vanessa's Dumpling House,Chinese,18.43,Weekend,5,34,28,,
1478352,142192,Otto Enoteca Pizzeria,Italian,12.18,Weekend,5,21,20,,
1477079,49086,Jack's Wife Freda,Mediterranean,12.13,Weekend,4,33,23,,
1477262,43636,Blue Ribbon Fried Chicken,American,12.08,Weekend,4,21,21,,
1476602,88078,RedFarm Hudson,Chinese,13.92,Weekend,5,28,24,,
1478370,57638,Grand Sichuan International,Chinese,25.27,Weekday,5,35,30,,
1477444,88075,Shake Shack,American,24.3,Weekday,4,33,30,,
1477172,59749,Bareburger,American,19.35,Weekday,4,33,27,,
1477418,387102,Vanessa's Dumplings,Chinese,14.02,Weekend,4,22,24,,
1477962,59703,Big Daddy's,American,12.08,Weekend,5,22,16,,
1477497,76942,Sarabeth's Restaurant,American,12.27,Weekend,5,24,24,,
1477317,61889,Parm,Italian,15.77,Weekend,4,27,18,,
1476694,91105,Cafe Mogador,Middle Eastern,29.05,Weekend,4,27,30,,
1476987,88078,RedFarm Hudson,Chinese,15.96,Weekend,3,21,18,,
1477417,355759,Pinto Nouveau Thai Bistro,Thai,11.79,Weekend,5,21,27,,
1477305,45846,The Meatball Shop,American,24.2,Weekend,5,21,30,,
1477223,303548,J. G. Melon,American,22.26,Weekend,5,22,25,,
1478394,106940,Blue Ribbon Sushi,Japanese,14.5,Weekday,3,34,24,,
1477963,115519,Blue Ribbon Fried Chicken,American,12.23,Weekend,5,27,27,,
1477861,125320,Shake Shack,American,20.57,Weekend,5,24,19,,
1477201,332635,TAO,Japanese,16.05,Weekend,4,23,20,,
1478253,67345,Parm,Italian,25.27,Weekend,5,28,16,,
1477540,341136,Blue Ribbon Sushi,Japanese,13.78,Weekend,4,32,23,,
1477329,80737,RedFarm Broadway,Chinese,12.9,Weekday,3,29,29,,
1477218,333216,Shake Shack,American,29.49,Weekend,5,20,24,,
1476633,137565,Shake Shack,American,15.76,Weekend,5,20,25,,
1476776,125123,Le Grainne Cafe,French,29.25,Weekend,5,27,24,,
1477878,62730,Westville Hudson,American,21.88,Weekend,5,20,15,,
1478206,108659,Osteria Morini,Italian,24.2,Weekday,3,28,28,,
1478326,82901,Il Bambino,Italian,29.25,Weekend,4,34,29,,
1477691,366327,Parm,Italian,16.44,Weekend,5,29,26,,
1477845,127056,Blue Ribbon Sushi,Japanese,24.3,Weekday,5,21,33,,
1476719,77540,Parm,Italian,12.08,Weekend,3,25,28,,
1476765,147519,Sushi of Gari Tribeca,Japanese,19.45,Weekend,4,25,15,,
1478317,128216,Shake Shack,American,19.74,Weekday,4,35,32,,
1477461,241719,Kori Restaurant and Bar,Korean,12.18,Weekday,4,26,26,,
1477028,60052,RedFarm Broadway,Chinese,14.55,Weekend,5,28,20,,
1477146,49793,Yama Japanese Restaurant,Japanese,32.93,Weekend,5,29,17,,
1477460,134058,The Meatball Shop,Italian,12.08,Weekday,5,33,25,,
1477848,276192,12 Chairs,Middle Eastern,29.05,Weekday,5,28,32,,
1477549,297130,L'Express,French,29.2,Weekend,5,21,29,,
1477328,342126,Parm,Italian,13.68,Weekend,4,33,21,,
1478022,94152,Empanada Mama (closed),Mexican,11.88,Weekend,5,23,27,,
1477284,40745,Parm,Italian,14.12,Weekend,3,28,22,,
1477006,119465,Cafe Mogador,Middle Eastern,25.27,Weekday,5,30,25,,
1477208,365244,Bareburger,American,12.13,Weekend,5,32,26,,
1476699,56722,The Meatball Shop,Italian,12.23,Weekend,5,35,22,,
1478051,139639,Sushi of Gari 46,Japanese,24.3,Weekend,3,29,23,,
1477071,78939,Nobu Next Door,Japanese,29.05,Weekend,5,33,29,,
1478368,64153,Burger Joint,American,12.13,Weekday,5,31,33,,
1476859,62667,Sarabeth's Restaurant,American,12.23,Weekend,4,26,24,,
1478393,80795,Tamarind TriBeCa,Indian,16.44,Weekend,5,23,24,,
1476707,144133,Shake Shack,American,22.75,Weekday,4,21,27,,
1477543,59105,Sushi of Gari 46,Japanese,12.13,Weekend,5,27,20,,
1476680,44472,Blue Ribbon Sushi Izakaya,Japanese,12.08,Weekend,3,35,15,,
1476816,344079,Olea,Mediterranean,12.23,Weekend,4,29,24,,
1477589,214028,Boqueria,Spanish,29.05,Weekend,4,24,24,,
1478043,264707,The Meatball Shop,Italian,29.2,Weekend,5,29,23,,
1477298,361728,The Meatball Shop,Italian,29.05,Weekend,4,32,19,,
1477396,140998,Boqueria,Spanish,13,Weekend,5,26,24,,
1477477,78560,The Meatball Shop,Italian,11.69,Weekend,4,35,16,,
1476963,296805,Blue Ribbon Fried Chicken,American,13,Weekday,4,33,29,,
1477733,376499,Lucky Strike,American,29.25,Weekend,4,21,21,,
1477718,42755,Blue Ribbon Sushi,Japanese,16.11,Weekend,5,22,26,,
1477167,76907,Han Dynasty,Chinese,14.8,Weekday,4,23,25,,
1478176,240982,Rubirosa,Italian,29.1,Weekend,5,28,16,,
1477435,154030,Hatsuhana,Japanese,29.49,Weekend,4,22,23,,
1477465,361220,Carmine's,Italian,21.93,Weekend,5,20,28,,
1476550,101347,The Loop,Japanese,16.98,Weekend,5,26,27,,
1477131,270525,The Smile,American,12.13,Weekend,4,29,24,,
1477687,72757,Jack's Wife Freda,Mediterranean,12.13,Weekend,5,21,19,,
1476857,220186,Blue Ribbon Fried Chicken,American,12.23,Weekday,5,33,26,,
1478325,399373,Shake Shack,American,29.1,Weekday,4,29,24,,
1478025,99312,Pylos,Mediterranean,14.02,Weekday,3,30,29,,
1478171,316402,The Meatball Shop,American,14.5,Weekend,5,25,22,,
1476780,319773,Vezzo Thin Crust Pizza,Italian,12.13,Weekend,5,34,26,,
1476594,94480,TAO,Japanese,12.17,Weekend,5,22,16,,
1477830,61212,Tamarind TriBeCa,Indian,15.77,Weekend,5,25,29,,
1477725,105754,Momoya,Japanese,12.18,Weekend,4,26,25,,
1476922,66373,Balthazar Boulangerie,French,12.18,Weekend,3,24,29,,
1478322,57943,RedFarm Broadway,Chinese,24.25,Weekday,5,25,25,,
1478062,109107,Burger Joint,American,15.72,Weekend,4,31,30,,
1476865,297232,Empanada Mama (closed),Mexican,31.38,Weekend,5,24,18,,
1477775,142461,Shake Shack,American,29.25,Weekend,4,25,19,,
1476737,94766,Nobu Next Door,Japanese,12.23,Weekday,5,31,29,,
1478251,99621,Jack's Wife Freda,Mediterranean,12.47,Weekend,5,34,20,,
1478079,54608,Tamarind TriBeCa,Indian,25.22,Weekend,5,30,26,,
1478144,155124,The Meatball Shop,Italian,33.03,Weekend,5,30,16,,
1476615,338599,RedFarm Hudson,Chinese,29.44,Weekday,4,29,32,,
1478419,118776,Blue Ribbon Sushi Bar & Grill,Japanese,15.96,Weekend,5,31,20,,
1476920,36118,RedFarm Broadway,Chinese,12.13,Weekend,4,20,19,,
1477422,64401,The Meatball Shop,Italian,16.54,Weekday,5,32,24,,
1477436,88853,RedFarm Hudson,Chinese,29.29,Weekend,4,27,21,,
1478353,369809,Momoya,Japanese,12.23,Weekday,3,32,24,,
1477086,164529,Blue Ribbon Sushi,Japanese,17.08,Weekday,5,35,29,,
1477688,101285,Blue Ribbon Sushi,Japanese,12.13,Weekend,4,35,28,,
1478375,214028,Boqueria,Spanish,22.85,Weekend,5,28,30,,
1476965,276192,Delicatessen,American,24.2,Weekend,4,21,19,,
1477055,77544,Bareburger,American,14.12,Weekend,4,26,19,,
1477949,385023,Rubirosa,Italian,24.35,Weekend,3,30,28,,
1477406,154022,Blue Ribbon Sushi Bar & Grill,Japanese,16.74,Weekend,4,22,20,,
1477111,127149,P.J. Clarke's,American,31.33,Weekend,4,26,19,,
1477818,144352,Shake Shack,American,22.36,Weekend,4,27,27,,
1477379,145962,Joe's Shanghai Â__Ã€Â_Ã_Â£Â_Ã·Â´,Chinese,22.31,Weekday,3,27,31,,
1478125,49104,Shake Shack,American,16.15,Weekday,4,20,26,,
1477707,133330,Blue Ribbon Fried Chicken,American,25.27,Weekend,5,29,28,,
1476614,138462,Chipotle Mexican Grill $1.99 Delivery,Mexican,29.1,Weekday,5,21,29,,
1477162,42755,Blue Ribbon Fried Chicken,American,15.72,Weekend,4,25,19,,
1477260,229946,Chipotle Mexican Grill $1.99 Delivery,Mexican,29.1,Weekend,4,27,25,,
1478297,180618,Bareburger,American,24.2,Weekend,5,27,24,,
1477820,41746,Schnipper's Quality Kitchen,American,25.22,Weekend,4,33,18,,
1478291,385134,RedFarm Broadway,Chinese,31.87,Weekend,5,27,18,,
1477952,371117,Shake Shack,American,13.1,Weekend,4,30,29,,
1478040,47280,Sushi of Gari Tribeca,Japanese,12.13,Weekday,5,22,26,,
1477905,164626,The Meatball Shop,Italian,15.57,Weekend,4,20,24,,
1476847,114085,The Meatball Shop,Italian,24.3,Weekend,4,29,15,,
1476604,126798,Cafe Mogador,Middle Eastern,19.45,Weekday,4,23,29,,
1477087,206039,Shake Shack,American,12.66,Weekend,5,25,15,,
1477906,66012,Sushi of Gari Tribeca,Japanese,19.02,Weekend,5,27,29,,
1478142,114085,Hatsuhana,Japanese,29.15,Weekend,3,33,28,,
1477654,301032,Blue Ribbon Fried Chicken,American,12.13,Weekend,5,25,29,,
1477965,384411,Shake Shack,American,19.45,Weekday,3,24,29,,
1477588,286386,5 Napkin Burger,American,29.05,Weekend,3,26,21,,
1476772,149984,Sushi of Gari,Japanese,12.13,Weekday,5,29,26,,
1477101,81828,The Meatball Shop,American,14.55,Weekend,5,21,30,,
1477103,342515,Five Guys Burgers and Fries,American,19.45,Weekend,5,22,23,,
1477880,114410,The Meatball Shop,Italian,14.6,Weekend,5,21,23,,
1477886,241310,Blue Ribbon Sushi,Japanese,32.93,Weekday,3,34,31,,
1477442,184325,Asuka Sushi,Japanese,19.45,Weekend,5,23,23,,
1477434,77857,Shake Shack,American,29.15,Weekend,5,20,21,,
1477423,80466,J. G. Melon,American,14.6,Weekend,5,32,24,,
1478424,304052,Parm,Italian,11.59,Weekday,5,35,29,,
1476571,334758,Melt Shop,American,29.15,Weekend,4,26,17,,
1476901,391860,Lucky's Famous Burgers,American,11.59,Weekend,5,26,23,,
1478113,74048,ilili Restaurant,Middle Eastern,25.22,Weekday,4,32,25,,
1477986,115213,Junoon,Indian,22.75,Weekend,5,29,28,,
1478420,104355,Momoya,Japanese,15.81,Weekend,5,25,15,,
1476883,354948,Westville Hudson,American,16.01,Weekend,5,20,18,,
1478442,378035,Five Guys Burgers and Fries,American,29.73,Weekend,5,21,25,,
1477898,68248,J. G. Melon,American,10.43,Weekday,5,35,29,,
1477476,276192,Delicatessen,American,32.93,Weekend,4,30,18,,
1477520,178158,Chipotle Mexican Grill $1.99 Delivery,Mexican,31.33,Weekend,4,35,21,,
1477751,385134,RedFarm Broadway,Chinese,16.2,Weekend,5,29,18,,
1476959,65007,Serafina Fabulous Pizza,Italian,19.5,Weekday,5,22,33,,
1477798,378035,Five Guys Burgers and Fries,American,13,Weekend,4,29,27,,
1477022,61588,Blue Ribbon Sushi,Japanese,12.08,Weekend,4,33,22,,
1477077,40808,Shake Shack,American,12.18,Weekend,4,27,23,,
1478361,371117,Shake Shack,American,29.1,Weekend,5,26,24,,
1477407,123535,RedFarm Hudson,Chinese,12.61,Weekend,5,31,22,,
1478074,41638,Blue Ribbon Fried Chicken,American,29.05,Weekend,5,30,29,,
1477454,210544,DespaÃŒÂ±a,Spanish,16.06,Weekend,5,21,17,,
1476870,94524,The Meatball Shop,Italian,24.3,Weekend,5,28,25,,
1476565,41991,Blue Ribbon Sushi Bar & Grill,Japanese,15.33,Weekend,5,32,29,,
1478200,164016,Blue Ribbon Fried Chicken,American,12.13,Weekend,5,28,23,,
1478264,70564,Jack's Wife Freda,Mediterranean,16.15,Weekday,5,22,24,,
1477257,400950,Sushi of Gari 46,Japanese,12.13,Weekday,5,34,28,,
1477030,240982,Rubirosa,Italian,24.3,Weekday,3,29,31,,
1476850,85091,The Meatball Shop,Italian,13.05,Weekday,5,23,31,,
1477356,354923,CafÃŒÂ© China,Chinese,15.57,Weekday,4,34,31,,
1477990,59673,Rubirosa,Italian,12.95,Weekend,4,30,25,,
1477448,142574,Sushi of Gari,Japanese,22.75,Weekend,5,30,22,,
1477784,146555,Momoya,Japanese,24.3,Weekend,5,28,20,,
1478070,129206,RedFarm Broadway,Chinese,14.07,Weekend,3,20,15,,
1477501,151191,RedFarm Hudson,Chinese,12.18,Weekend,5,34,24,,
1476727,49086,Jack's Wife Freda,Mediterranean,12.95,Weekday,3,22,33,,
1477551,277898,Blue Ribbon Fried Chicken,American,29.44,Weekend,4,33,27,,
1477096,158578,Xi'an Famous Foods,Chinese,14.12,Weekday,3,24,31,,
1478197,41205,Shake Shack,American,12.08,Weekend,5,28,23,,
1477082,107909,ilili Restaurant,Middle Eastern,24.2,Weekday,4,34,24,,
1477781,183520,Tamarind TriBeCa,Indian,12.47,Weekend,5,32,26,,
1478397,121706,Blue Ribbon Fried Chicken,American,24.3,Weekend,5,22,15,,
1477608,125123,Le Grainne Cafe,French,15.96,Weekend,4,25,22,,
1478241,60052,RedFarm Broadway,Chinese,24.2,Weekend,5,31,19,,
1477732,399729,Shake Shack,American,24.25,Weekend,4,20,29,,
1476989,64401,The Meatball Shop,Italian,21.34,Weekday,5,22,24,,
1477134,361654,The Meatball Shop,Italian,13.53,Weekend,5,22,24,,
1478243,159626,Blue Ribbon Sushi,Japanese,29.1,Weekend,4,21,15,,
1477069,377260,Blue Ribbon Fried Chicken,American,12.18,Weekend,5,35,27,,
1476953,252342,Westville Hudson,American,20.13,Weekend,4,29,19,,
1477700,60039,Blue Ribbon Sushi,Japanese,33.37,Weekday,3,30,27,,
1478213,122092,Han Dynasty,Chinese,22.31,Weekend,3,23,29,,
1476779,378820,Sushi Samba,Japanese,31.33,Weekend,5,35,20,,
1478207,62161,Tamarind TriBeCa,Indian,24.2,Weekend,4,28,26,,
1477075,52832,ilili Restaurant,Middle Eastern,31.43,Weekday,3,26,29,,
1477145,207281,Shake Shack,American,29.3,Weekday,5,33,32,,
1477391,60835,RedFarm Hudson,Chinese,16.49,Weekend,3,34,20,,
1477694,192317,Shake Shack,American,24.3,Weekend,4,25,15,,
1477062,396432,Blue Ribbon Sushi,Japanese,19.4,Weekend,5,26,17,,
1477771,232035,ilili Restaurant,Middle Eastern,12.23,Weekday,5,24,32,,
1477144,62667,Balthazar Boulangerie,French,29.1,Weekend,5,31,27,,
1477149,102710,Rye House,American,12.13,Weekday,4,26,30,,
1478182,135970,Momoya,Japanese,25.27,Weekday,5,31,30,,
1478405,58675,Shake Shack,American,11.59,Weekday,3,23,25,,
1477857,363202,S'MAC,American,25.27,Weekend,5,20,29,,
1477641,128224,Blue Ribbon Sushi,Japanese,24.2,Weekend,4,29,18,,
1476690,124875,Vanessa's Dumplings,Chinese,24.2,Weekend,4,20,18,,
1478119,276192,Sushi of Gari Tribeca,Japanese,10.86,Weekday,4,28,28,,
1476976,300552,Shake Shack,American,22.26,Weekday,5,33,32,,
1478105,143721,Hummus Place,Middle Eastern,29.05,Weekend,5,26,17,,
1477259,145952,Blue Ribbon Sushi,Japanese,29.15,Weekend,4,31,19,,
1477141,66331,Shake Shack,American,24.3,Weekend,5,21,24,,
1478254,239985,5 Napkin Burger,American,25.22,Weekend,5,27,21,,
1478365,60039,ilili Restaurant,Middle Eastern,32.93,Weekend,4,25,17,,
1477380,108659,Rubirosa,Italian,25.27,Weekday,4,23,31,,
1477548,79255,The Meatball Shop,Italian,12.95,Weekday,4,29,24,,
1478444,355090,Shake Shack,American,31.43,Weekend,3,22,24,,
1477664,47440,Blue Ribbon Fried Chicken,American,29.3,Weekend,4,28,16,,
1477917,71249,Momoya,Japanese,24.3,Weekend,4,35,30,,
1477381,316223,The Smile,American,25.22,Weekday,4,25,28,,
1476745,377771,Blue Ribbon Fried Chicken,American,12.61,Weekend,3,30,30,,
1477885,178158,Chipotle Mexican Grill $1.99 Delivery,Mexican,29.1,Weekday,4,22,32,,
1476724,130956,Blue Ribbon Sushi,Japanese,21.83,Weekday,3,21,26,,
1476750,94152,Empanada Mama (closed),Mexican,15.37,Weekend,3,35,30,,
1478285,113817,Blue Ribbon Fried Chicken,American,12.18,Weekend,4,32,22,,
1477910,39702,Frank Restaurant,Italian,12.08,Weekday,4,20,31,,
1477480,75722,Yama 49,Japanese,22.31,Weekend,5,29,17,,
1478090,62359,Blue Ribbon Sushi Izakaya,Japanese,16.01,Weekday,5,23,27,,
1477633,378753,Shake Shack,American,29.1,Weekend,5,29,17,,
1478095,183520,Blue Ribbon Sushi,Japanese,12.18,Weekend,4,30,17,,
1478013,283884,Westville Hudson,American,12.56,Weekend,5,26,28,,
1478369,243341,Sushi Samba,Japanese,22.36,Weekend,5,31,30,,
1476970,275689,Nobu Next Door,Japanese,33.37,Weekend,4,32,21,,
1478234,102620,Balthazar Boulangerie,French,12.23,Weekend,4,35,23,,
1477114,47594,Dos Caminos,Mexican,12.18,Weekday,5,24,30,,
1477186,291891,The Kati Roll Company,Indian,11.64,Weekend,4,34,18,,
1477610,35643,Vanessa's Dumpling House,Chinese,16.49,Weekend,5,26,25,,
1476843,361846,Sarabeth's West,American,14.12,Weekday,3,21,33,,
1477941,64830,Cafeteria,American,15.52,Weekend,3,28,30,,
1478154,383688,CafÃŒÂ© China,Chinese,12.61,Weekend,5,20,20,,
1477855,5139,Sushi of Gari 46,Japanese,22.26,Weekend,5,28,22,,
1477871,124875,Shake Shack,American,21.39,Weekend,3,33,22,,
1476644,142461,Shake Shack,American,16.93,Weekend,5,35,28,,
1477415,58800,Mamoun's Falafel,Mediterranean,14.41,Weekend,5,33,26,,
1476723,136807,RedFarm Hudson,Chinese,19.35,Weekday,5,35,28,,
1478258,222734,Shake Shack,American,16.98,Weekend,3,23,23,,
1477222,348096,The Meatball Shop,Italian,11.64,Weekend,4,23,24,,
1476790,141732,Cho Dang Gol,Korean,12.18,Weekday,5,20,26,,
1477330,198802,DuMont Burger,American,24.25,Weekend,3,28,20,,
1478124,328331,S'MAC,American,16.11,Weekday,5,25,24,,
1477076,68834,Sushi of Gari 46,Japanese,31.43,Weekend,5,29,30,,
1476661,42755,Blue Ribbon Sushi,Japanese,12.13,Weekend,3,24,23,,
1478268,306119,Xi'an Famous Foods,Chinese,20.86,Weekend,4,35,26,,
1477778,100889,RedFarm Broadway,Chinese,31.43,Weekend,4,30,23,,
1476923,50199,J. G. Melon,American,19.4,Weekday,4,35,26,,
1477362,172758,Shake Shack,American,12.23,Weekday,4,31,24,,
1477000,328731,Blue Ribbon Fried Chicken,American,29.59,Weekend,5,23,25,,
1478320,85091,The Meatball Shop,Italian,13.53,Weekday,3,20,31,,
1477132,110792,Blue Ribbon Sushi,Japanese,12.13,Weekend,5,28,15,,
1477466,222734,Shake Shack,American,13.97,Weekend,5,35,27,,
1478011,96877,Melt Shop,American,16.98,Weekend,5,30,19,,
1477437,304993,Shake Shack,American,31.43,Weekend,3,31,24,,
1477550,97324,Shake Shack,American,29.05,Weekday,4,27,29,,
1478277,48282,The Meatball Shop,American,14.5,Weekend,5,34,25,,
1477353,106324,The Meatball Shop,Italian,16.2,Weekend,5,21,26,,
1477316,164776,TAO,Japanese,15.67,Weekend,5,20,22,,
1476701,292602,Chipotle Mexican Grill $1.99 Delivery,Mexican,22.31,Weekend,5,31,17,,
1477421,397537,The Smile,American,12.18,Weekend,5,31,19,,
1477513,64151,Jack's Wife Freda,Mediterranean,12.18,Weekday,5,23,31,,